Name,Moderator,Chats,Talks,Emojis,Poll_votes,Raisehand,Talk_time,Join,Left,Duration
Salima Nakiyemba,TRUE,2,505,0,0,0,00:42:22,10/21/2021 09:45:03,10/21/2021 10:41:59,00:56:56
Shatra Kisaakye,FALSE,1,32,0,0,0,00:01:20,10/21/2021 09:46:33,10/21/2021 10:40:25,00:51:26
Moses Adewya,FALSE,7,92,0,0,0,00:05:00,10/21/2021 09:46:51,10/21/2021 10:41:59,00:55:01
Victoria Nabulime,FALSE,0,78,0,0,0,00:02:36,10/21/2021 09:46:54,10/21/2021 10:41:55,00:53:46
Hansen Damari,FALSE,1,121,0,0,0,00:05:39,10/21/2021 09:47:19,10/21/2021 10:41:59,00:54:40
Sarah Nangoma,FALSE,0,153,0,0,1,00:04:44,10/21/2021 09:48:31,10/21/2021 10:41:59,00:39:57
Ethienne Kitandwe,FALSE,1,133,0,0,0,00:05:10,10/21/2021 09:57:45,10/21/2021 10:41:59,00:34:42
,,,,,,,,,,
,,,,,,,,,,
,W.W.W ; Some learners atteded,,,,,,,,,
,,,,,,,,,,
,E.B.I ;The net work is worked on so that lessons can begin on time,,,,,,,,,
